No,Dok.,Ulasan,Ground Truth,Pediksi,Sesuai
1,498,"Hanya sebagai peringatan, jika anda suka bir setelah perjalanan panjang untuk mendapatkan di sini - mereka tidak menjual. Ini's pada menu jadi tampak seperti hal yang baru.. Ada yang luar biasa tapi tidak ada Pizzaria pizza untuk pergi dengan minuman yang bijaksana. . Hotel pertama yang saya pernah seperti ini. ",negatif,positif,0
2,506,"Awalnya kami kagum dengan hotel ini dan fasilitas... meskipun hanya sebuah reuni hari... di aula serbaguna kami disajikan dengan keramahan Albalone ah yat... yang sangat bagus dan makanan yang baik dan mereka disediakan... Namun kamar kedap suara sangat miskin... saya bisa mendengar orang dari luar kamar jelas dan juga masyarakat dari luar kamar dapat terdengar terlalu... hari berikutnya, kami memperpanjang kunjungan kami mengalami pemadaman listrik, dan memiliki beberapa... pertama adalah dari perusahaan listrik nasional yang memiliki pemeliharaan rutin... hanya butuh waktu 30 menit untuk melakukan... namun kami memiliki masalah listrik hingga 9 p.m di atas... kami dengan bayi yang sangat terganggu dengan masalah listrik... dan tidak ada appologies dari hotel pada hari... sangat buruk... kami menginap di kamar 315 317 323",negatif,negatif,1
3,527,"ketika kami check in, kamar belum siap, jadi kami harus menginap di salah satu kamar yang satu menjadi siap, dan mereka benar-benar siap di 4 jam. kami kelelahan dan berencana untuk menikmati kolam renang oleh 4 jam, tetapi karena penundaan ini, rencana liburan yang sangat kacau.

karena kamar tidak siap, kami meminta untuk check out terlambat, mereka setuju di hari pertama.
namun ketika waktu check out, kami melaporkan bahwa kami ingin terlambat check out, resepsionis mencoba untuk bernegosiasi dengan pertama tidak ada late check out, sampai jam 1 dan kedua hanya hanya 2 kamar, dan memberitahu kami bahwa kami bisa mendapatkan biaya jika lebih dari 1pm, kemudian kami meminta kompensasi dari keterlambatan check-in kami jika kita tidak mendapatkan untuk 2 jam terlambat check out, maka akhirnya mereka memberi kami terlambat check-in sampai 2 jam... hal ini sangat melelahkan dan kecewa untuk suasana liburan.

kolam renang adalah penuh sesak pada akhir pekan dan itu adalah tidak kesalahan hotel, tapi aku melihat beberapa anak-anak muntah di dalam kolam renang dan di sisi lain muntah di kolam renang, untungnya aku tidak melompat lagi.
tapi kolam renang suasana menyenangkan. Aku suka tempat ini.

secara keseluruhan. Saya suka properti, ini adalah proses check in dan check out yang masalah.",negatif,negatif,1
4,541,"3 juni 2016 02:45. . Pada bulan januari lalu saya di harris, itu harus menjadi baik. Pertama, lokasi mereka tidak benar-benar baik. Karena persis di tikungan dan agak sempit. Tapi pertama anda akhirnya datang, itu bagus. Banyak pohon, tenang, dan cukup. Saya dan teman-teman berlibur di malang, jadi ketika kita berada di liburan kami hanya menyewa sepeda motor. Hal yang buruk adalah harris tidak menyediakan area parkir untuk sepeda motor dengan kondisi yang baik. Maksud saya, ini harus di bld, tidak di luar ruangan. Dan butuh waktu untuk mencapai lobi dengan berjalan kaki. Jujur itu baik, tapi aku kecewa pada saat pertama aku tahu itu adalah di luar tidak di dalam bld, dapat anda bayangkan apa yang terjadi saat hujan? Tidak keren. Masalah lain adalah kami membawa lugagge tidak backpacker. Jika hanya ada di dalam bld itu akan menjadi baik. Masalah kedua ketika kami sudah di lobi adalah musik tidak cocok untuk sebuah hotel seperti ini di tempat lain HAHAHA . Ini harus menjadi sesuatu seperti nosaj-akuarium atau sesuatu seperti itu tidak seperti band indonesia di lobi hotel kami tidak terasa seperti di toko atau sesuatu seperti itu. Serius, lobi hotel? Orang u bercanda. Ini adalah pertama kalinya saya pergi ke hotel dengan musik yang seharusnya tidak akan bermain. Kamar sangat bagus tapi mereka sudah memperbaiki sesuatu (yang ada di kamar) di depan kamar saya. Pemanas air untuk semua waktu favorit tamu, yass ada. Terima Kasih, Tuhan. Kolam renang cukup ok. Di pagi hari saya dan boyf menyewa sepeda untuk bermain-main dengan itu, keren.. ",negatif,positif,0
5,560,"Lokasi adalah kekurangan utama dari hotel ini. Hal ini bisa memakan waktu 30 - 45 menit untuk sampai ke pusat kota tergantung pada lalu lintas. Jika anda tidak memiliki kendaraan anda sendiri anda ca memiliki taksi dengan meminta di meja depan.. . Hotel ini sangat bagus hanya untuk konvensi. Resepsionis tidak ramah dan dingin. Rasa makanan biasa saja, butuh lebih dari 30 menit untuk pisang goreng makanan ringan ketika mereka tidak sibuk.. . Kamar bersih dan standar. Tapi lebih baik tinggal di kota malang atau batu untuk pilihan yang lebih baik jika anda berada di liburan.. ",negatif,positif,0
6,563,"Tinggal selama 3 malam dengan keluarga. Saya memesan suite 1 dan 1 kamar reguler. Kamar mandi di suite adalah sangat mengerikan. Kamar mandi dikombinasikan dengan bak mandi (? ), dan setiap kali kita menggunakan air tumpah keluar dari bak mandi lembidang, mengalir ke lantai dan tentu saja menjadikan. basah tidak cukup untuk 2 keset kamar mandi untuk menjaga lantai kering, dan ketika saya bertanya untuk tambahan satu saya diberitahu bahwa dengan biaya yang akan diberlakukan. Biaya tambahan untuk keset kamar mandi? Itu baik, kecuali mereka bisa menunjukkan cara menggunakan pancuran dan tetap memapani juga! Jika sarapan pada 1 januari dan restoran itu penuh dengan tamu. Saya mengerti itu adalah musim liburan, tapi ada sesuatu yang seperti ini harus diakui sebelumnya dan mereka harus memiliki lebih banyak area tempat duduk terbuka. Setelah melihat beberapa tamu yang berdiri menunggu kursi, 2 hotel seperti tempat mereka. Ini adalah indah jadi kami pergi keluar untuk beberapa yang lebih baik, hanya di 2nd hari itu lebih baik. Satu-satunya hal yang plus adalah sekitarnya hijau yang indah. Tidak akan mempertimbangkan untuk kembali lagi.",negatif,negatif,1
7,565,"aku suka lihat di harris malang, tapi kenapa aku hanya punya sarapan (hanya) satu sementara aku telah dibayar untuk dua kamar tidur dan ada adalah biaya tambahan untuk pelayan saya. dan tolong cepat ketika menyiapkan kolam ini, jadi saya tidak harus menunggu sampai 7 a.m",negatif,negatif,1
8,577,"Anda tidak akan menyesal untuk kolam renang untuk anak-anak. Aku memesan kamar dengan beberapa tempat tidur yang berbeda. Pertama, kata mereka, tergantung dari ketersediaan. Banyak toko-toko, mereka berkata: maaf, kita tidak memiliki masalah tidur di hotel bintang 4 ini. 

Saya bepergian dengan 2 anak-anak, kami ingin bertanya untuk handuk, mereka mengatakan bahwa kami harus membayar setiap hari, kami meminta tambahan bantal, mereka mengatakan mereka akan menagih untuk setiap hari. Kami stat untuk 4 malam dan 5 hari. Anak-anak saya ingin membuat susu sebelum tidur, ia menelepon ke hotel: "" saya bisa minta, ops maaf maksudku... bisa pinjam menjabal tambahan anda untuk membuat susu? "" 
Dan mereka berkata "" oh maaf, kami memperpicik setiap menjabal dan segala sesuatu di setiap kamar. jadi kita tidak bisa memiliki tempat lama. 

jadi, semua yang anda butuhkan di hotel harris ini, anda perlu membawa semua oleh diri sendiri, termasuk meminjam dengan google. Anda perlu untuk menyewa untuk setiap hari. 

Edisi terbatas untuk hotel bintang 4 yang terbatas. Segala sesuatu yang anda perlukan, berikan diri anda, karena mereka terbatas.",negatif,negatif,1
9,592,"Layanan sangat baik, fasilitas yang baik, nyaman. Kami merayakan ulang tahun istri saya, dan aku bertanya-tanya jika perubahan akan memberikan kami gratis sebuah kue ulang tahun kejutan. Dan mereka tidak memberi kami awal yang baik menunggu di dalam kamar ketika kami tiba di... pekerjaan bagus! 
Tapi...
- Akses wifi sangat mengerikan. sulit untuk masuk, tidak terhubung dengan mudah.
- Tidak ada pertandingan sepak bola di tv. itu adalah akhir pekan, hujan di luar, dan kami menghabiskan waktu di kamar. Kami suka menonton sepak bola yang cocok dengan...
- menu sarapan kurang beragam. Bubur ayam, anda disajikan setiap pagi. Mengapa? Kami benar-benar menghargai mereka pada tema untuk beberapa daging yang akan menyenangkan. Menambahkan beberapa makanan tradisional akan menyenangkan. Gado-gado salad baik, menyukai, atau yang lain...
- Sulit untuk mendapatkan mandi hangat yang bagus. Lebih mudah mendapatkan panas. Mencampur air panas dan dingin, sebenarnya tidak...",negatif,positif,0
10,598,Baik bagi keluarga untuk bersantai namun tidak bagus untuk memiliki lebih baik pemeliharaan terpajaki inci khusus di kamar dan kamar mandi. Kamar tidak kedap suara. Berisik saat ada acara dan anak-anak berlari di koridor. Tidak banyak perubahan dalam menu sarapan. Bagus kopi,negatif,positif,0
11,605,"Kami punya kamar dengan balkon di lantai 1st, menghadap ke kolam renang. Kamar yang bagus tapi agak kecil. Tidak ada yang khusus tentang hotel ini. Hanya tinggal di sana selama 1 malam untuk bisnis. Lemari es tidak dingin. Saya mencoba menghubungi resepsionis tapi mereka bilang kondisi seperti itu.",negatif,positif,0
12,615,"Kami tiba di kami harus menunggu 3pm dan tentang satu jam untuk memeriksa ke dalam kamar. Mereka berkata bahwa kamar kami belum siap. Sementara itu, anak-anak saya sudah lelah dan ingin beristirahat untuk sementara waktu",negatif,negatif,1
13,620,"Kamar bersih tapi dinding benar-benar tipis, sehingga anda dapat mendengar tetangga anda memiliki percakapan. Tapi kotor dan berjumbai!. . Ada terbatas minuman beralkohol di sini. Makanan yang tidak besar. . Tidak mendapatkan kesempatan untuk mencoba kolam renang. . Tidak mendapatkan. ",negatif,negatif,1
14,621,"Kami merasa bahwa hotel ini perlu banyak perbaikan dalam layanan terutama jangaka di restoran. 

Kami menginap di kamar dengan pemandangan kolam renang. Ini adalah kamar yang luas tetapi dengan mebel yang buruk dan tata letak. Terdapat bangku sofa yang panjang ini di bawah tv yang tidak benar-benar tujuan apapun. Tombol control manajemen yang buruk. Anda harus mematikan semua lampu agar anda dapat tidur nyenyak. Aku tidak biasanya melakukan ini. Biasanya saya tidur dengan lampu menyala, tetapi jika aku harus melakukannya, cahaya lampu yang terlalu terang. Dinding adalah kotor, perlu mengecat ulang atau membetah pada kedatangan sehingga tidak akan terlihat kotor dan berisik. 

Sarapan di restoran adalah tidak pengalaman yang menyenangkan. Kami tidak pergi ke meja, kami harus mencari sendiri meja. Itu adalah rumah penuh, jadi ketika kita menemukan sebuah meja, itu belum dibersihkan belum. jadi kami harus mencari staf untuk membersihkannya dan tidak banyak dari mereka. Ketika kami meminta untuk kursi tinggi, staf hanya tempat kursi di belakang kursi lain (aneh). Kopi dan teh tidak mementingkan diri sendiri. Mereka adalah baik-baik saja...

Secara Keseluruhan. Saya tidak berpikir hotel ini layak 4 bintang kualitas.",negatif,negatif,1
15,626,"Untuk harga itu. Kupikir aku pantas mendapatkan yang lebih baik. Aku memesan melalui pemesanan. com trun keluar dan itu tanpa sarapan, aku terkejut karena aku tidak melihat mereka menyebuntukan tentang hal itu dalam deskripsi. Akhir pekan yang sempurna. House keeping mengetuk setiap pagi bertanya untuk membersihkan kamar kami sementara kami sedang tidur dan aku lupa tu membetah memperusuh tidak masuk. Saya secara pribadi berpikir. Itu lebih baik untuk hanya menunjukkan cleabing setelah check out.. ",negatif,negatif,1
16,653,"Aku tinggal di hotel ini untuk liburan cepat untuk liburan dengan teman-teman saya pada 2 juni... Staf layanan baik tapi bisa lebih baik... aku tidak tahu jika aku kaulewatkan di pemberitahuan atau mereka semua sibuk, tapi aku tidak melihat apapun staf yang siap membantu tamu diperbolehkan di lobi atau di kamar tamu mereka (saya mengharapkan lebih karena ini adalah baru 4 bintang jika saya tidak mendapatkan tarif yang salah tentang bintang)... 

Fasilitas hotel bagus, mereka memiliki area kolam renang untuk anak-anak selain kolam renang, kegiatan untuk anak-anak di dekat kolam renang daerah (yang saya pikir itu adalah besar), pusat kebugaran, dan banyak fasilitas lainnya... 

Masalah utama bagi saya adalah, di kamar hotel, tempat ini perlu pemeliharaan. Kendati baru 2 tahun di hotel kelas bintang 4, dan bintang-bintang.
- tidak banyak pilihan saluran tv internasional (yah, ini hanya masalah kecil bagi saya meskipun)
tempat ini - beberapa meja kecil (sebagai merek hotel harris lainnya warna) yang sudah terkelupas di sana-sini, mengungkapkan noda hitam... 
- kamar kebersihan harus ditingkatkan seperti saya dapat merasa debu di bawah demes sofa tempat tidur ketika aku pindah itu.
- kamar mandi, beberapa bersama lembidang telah robek membuatnya tampak seperti handuk baru. Sebagian besar adalah ujung rekto sehingga iooks ladah. Kamar mandi itu tidak cukup panas di malam pertama, tetapi mendapat lebih baik di pagi hari berikutnya.

- jalan utama lalu lintas di luar hotel ini relatif cepat karena ini terletak di jalan utama atau untuk pergi keluar di kota, juga dekat ke beberapa lebih... sehingga tidak bagus jika anda ingin pergi ke luar untuk mendapatkan makanan atau pergi ke suatu tempat...

Selain itu, keluarga holiday hotel... Dan harga juga masuk akal dan pada...",negatif,positif,0
17,660,"Tidur di sini adalah mustahil. Karena fundamentil melihat desain interior, anda akan mendengar setiap tidak selalu, setiap klik dan tinggi tumit setiap melakukanflip gagal saat mereka berjalan di lorong. Penggunaan lantai terlalu keras, dan pintu-pintu yang merupakan sentuhan kecil untuk pintu kamar nyelein berarti sejarah oleh kebisingan dan polusi cahaya. Ini adalah rasa malu, karena hotel itu sendiri adalah baik-baik saja. Kamar-kamar kami terang, staf tampak bagus, taman yang luas. Namun, kecuali jika anda adalah burung awal, atau tidak memerlukan banyak tidur, anda tidak akan menikmati pengalaman menginap yang santai. Jika anda tinggal, anda juga membayar bersikera kamar dekat lift atau tangga lobi. Cn tower juga direkomendasikannya. Anda juga akan mendengar kamar di atas anda bergerak di sekitar dan ketika mereka bermandiin. Para desainer dan arsitek catatan untuk interiur - anda harus mempertimbangkan akustik ketika merancang, atau sisa dari hotel upaya pelestarian memperharapkan untuk apa-apa.",negatif,positif,0
18,671,"Kami tinggal di hotel ini untuk menghadiri pernikahan sepupu saya htel. Aku kecewa karena tidak ada staf yang pakingservice tersedia. Para pelayan yang juga tempat untuk dilihat, jadi aku harus mengeluh ke depan lebih dulu sebelum kami akhirnya berhasil mendapatkan bantuan dengan koper kami. Kami bepergian dengan kami 2 todlers dan pengasuh mereka, kita punya beberapa koper kami harus carriied ouselves dari parkir ke lobi depan. Itu tidak menyenangkan. Tidak ada koneksi wifi juga. Sarapan prasmanan adalah besar, tthough.",negatif,positif,0
19,683,"Tinggal di ""pool access"" kamar-2 orang dewasa, 2 anak-anak usia 8 & 10 dan 2 tahun bayi semua di satu kamar. Satu anak tidur di sofa, satu di tambahan kasur kecil bahwa kami membawa diri dan bayi di portable ranjang bayi yang kami bawa. Kami membawa kita sendiri lembar dan tambahan selimut karena kami tahu harris selalu biaya tambahan untuk item ini - mereka bahkan biaya untuk handuk ekstra.

Anak-anak mencintai tinggal karena kolam renang dengan seluncuran air. The ""dino club"" layanan besar untuk menghibur semua 3 anak-anak juga. Kamarnya cukup besar bagi kita semua dan sangat segar dan bersih. Tempat tidur yang nyaman, kamar mandi yang baik dan pancuran - segala sesuatu yang anda harapkan dari tempat seperti ini.

Tapi beberapa hal dapat ditingkatkan...
Hotel ini terletak keluar dari kota sekitar 9 km, jadi itu cukup damai dan memiliki alasan yang indah. Kami menginap untuk 4 malam dan meminta hotel untuk memanggil kita taksi untuk menjemput kami untuk tamasya pada 4 kesempatan yang berbeda. Setiap kali taksi menolak untuk datang karena volume tinggi lalu lintas di luar (yang sekarang khas kota malang). Apa besar hotel tidak dapat mengatur taksi untuk anda? Meskipun memiliki setidaknya 3 hotel yang dimiliki minivan di luar lobi, hotel tidak menawarkan layanan antar jemput ke kota. Kecuali jika anda memiliki mobil anda sendiri anda akan terjebak di hotel. 

Makanan di sini adalah benar-benar membosankan, terutama jika anda terjebak di sini seperti kami. Gado-gado tidak segar. Itu telah dipersiapkan sebelumnya dan seluruh hidangan yang diletakkan di kamar dingin - kerupuk dan saus kacang dan semua. Ketika saya mengeluh mereka mengambil itu jauh dan hanya re-berlapis dengan tomat segar! Saya bilang itu tidak dapat diterima dan untuk membatalkan pesanan - jawabannya adalah bahwa makanan adalah ""standar hotel"" dan pembatalan tidak diizinkan. Hanya setelah mengeluh lagi apakah mereka memberikan di dan membatalkan itu.

Pada malam pertama di sini kamar di atas kamar kami sedang dibersihkan baik lewat tengah malam dan suara kursi pindah di sekitar pergi kanan melalui lantai - sangat menjengkelkan. Malam ketiga di persis tengah malam kamar sebelah kami mulai dibersihkan menggunakan yang tinggi didukung kasur dan sangat berisik penyedot debu. Pembersih kamar meminta maaf ketika saya bangun dan mengeluh ke dia langsung.

Kesimpulannya... kamarnya bagus dan terang dan anak-anak menyukainya; namun karena miskin variasi makanan sangat membosankan untuk orang dewasa. Saya tidak akan tinggal di sini lagi kecuali hotel ditangani (1) variasi dan kesegaran makanan, membersihkan kamar (2) dan (3) manajemen transportasi pilihan di luar hotel.",negatif,positif,0
20,690,"Meskipun mereka memiliki besar fasilitas (anak-anak anda akan menyukai mereka kolam renang tingkat 4). Saya sudah kecewa dengan waktu kedatangan kami untuk check-in. Kami tiba di 13:30 dan masih harus menunggu sampai 3 pm untuk memeriksa di. Resepsionis mengatakan bahwa karena acara tahun baru, ada banyak tamu yang late check out (tidak tahu jika mereka biaya untuk check out terlambat atau tidak). Kami punya kamar kami setelah saya balita mendapatkan marah dan menangis keras setelah perjalanan panjang dengan pesawat.
Di kamar, kami menemukan tempat tidur kami menutupi masih memiliki noda walaupun telah dicuci.
Sarapan ok dan mereka memiliki babychairs. Ketika layanan ini lebih baik, hotel ini bagus untuk keluarga.",negatif,negatif,1
21,713,"Saya dan istri saya telah menggunakan gym di sini sebagai anggota selama sekitar 5 minggu.
@ 2 siang dan sore hari. Istri saya memiliki pengalaman mengerikan, yang menurut pendapat saya seharusnya tidak terjadi di sebuah hotel.

Setelah berolahraga, kami berdua mengambil mandi di kamar mandi di gym. Afterbath. Saya duduk di sofa, menunggu untuk istri saya. Ketika dia datang, dia menggigil dan mengatakan kepada saya bahwa ada seseorang menggunakan ponsel mencoba untuk memberikan kepadanya ketika mandi. Waktu itu dia jelas melihat ada seseorang memegang ponsel di bawah pintu kamar mandi, ponsel adalah blok ke arahnya.
Dia kaget dan tiba-tiba bergerak ke sudut, menunggu sampai orang itu pergi.
Sayangnya. Istri saya tidak tahu siapa itu, tetapi dalam pendapat kami itu pasti salah satu staf di biaya.

Pada saat itu, hanya ada 2 staf laki-laki shift di standby, dan jelas ada tidak ada orang lain selain kami melambangkan pengaruh di siang/sore sekitar 2-3 pm. Dan kami tidak tahu berapa kali ini terjadi.

Fyi: 
1) gym's pintu kamar mandi memiliki kesenjangan yang besar di bawah sisi
2) staf laki-laki dapat dengan bebas masuk toilet wanita. Menurut saya, toilet perempuan membersihkan staf atau layanan harus terbatas dan dilakukan oleh staf perempuan!

Setelah pengalaman mengerikan ini, kami pasti tidak akan datang kembali lagi untuk latihan!
Saya berbagi ini agar manajemen hotel mengambil catatan dan mungkin memberikan pendidikan moral untuk staf mereka untuk tidak seperti perilaku tidak patut! 
Berharap bahwa hal seperti itu tidak akan terjadi ke hotel lain tamu atau anggota.",negatif,negatif,1
22,729,"Ini adalah hotel baru di malang. Residency terletak di dalam sebuah area bernama riverside. Itu adalah sekitar 6 km ke utara dari pusat kota. Ikuti malang - Surabaya jalan utama kemudian anda akan melihat harris penunjuknya di sepanjang jalan. Hanya sebelum anda mendapatkan keluar dari kota anda akan menggelogok riverside daerah residency, belok kiri, ikuti jalan dan di deathend jalan anda akan menemukan gedung yang besar dari hotel.
bangunan ini bagus, tapi hotel ini jauh dari pusat kota dan tujuan wisata. Kekurangan utama adalah pelayanannya. Layanan terburuk, mungkin karena mereka difasilitasi untuk banyak acara di waktu yang sama.
Sarapan adalah rata-rata, tidak ada yang istimewa. Rasa makanan yang rata-rata. Tapi mereka menyediakan sarapan area menghadap ke kolam renang sehingga kami bisa melihat pemandangan indah saat sarapan.
kamarnya sederhana dan minimalis, sangat baik bahwa mereka menyediakan dipan, pemanas air dan pengering rambut.
Layanan kamarnya bahkan terburuk, tanggapan mereka mengeluh atau apapun sangat lambat dan ketika layanan kamar perwira datang, tidak ada senyum dan tidak ada keramahan sama sekali karena jika tamu sedang gangguan untuk dia.",negatif,positif,0
23,731,"kami terjebak dalam kemacetan lalu lintas yang buruk sebelum kita berpaling ke river side road. 

Ketika kami check in. Saya melihat beberapa tamu diberikan minuman selamat datang. saya menunggu pelayan untuk melayani minuman selamat datang untuk saya, tapi itu tidak pernah datang. Adalah bahwa karena saya memesan hotel ini dari yang lalu * * ? 

kami memesan 2 kamar. Dan kami mendapat 2 kamar di sisi bangunan yang berbeda, jadi kami harus turun dari lantai ke lantai 1st 5th, kemudian berjalan di seberang gedung, dan pergi ke 6th lantai ketika kami ingin pergi ke kamar lain. Adalah bahwa karena saya memesan hotel ini dari yang lalu * * ? 

saya harap tidak.",negatif,positif,0
24,63,"Hotel ini cocok lah untuk orang2 yang gak suka keramaian, krn hotel ini bener2 tenang..untuk kamar yahh cukup baik,bersih dan nyaman, untuk fasilitas yang diberikan juga bagus, sarapannya oke lahhhh..untuk pelayananya baik dan ramah... ",positif,positif,1
25,64,"Loved it :). Lokasi sejuk dan jauh dari keramaian. Makanan oke.. Interior modern dan bersih. Garden dan swimming pools nya bagus.. Service nya baik. Dan yang penting , harga juga oke banget.. Cocok buat staycations.. ",positif,positif,1
26,67,"Selama 2 hari menginap disini, cukup puas dengan pelayanan di hotel harris. dan kebetulan pas hari ulang tahun, saya jadi dapat surprise berupa dekor dan kue ulang tahun dari harris (mungkin istri saya sudah menelpon marketingnya untuk surprise) :D. yang suka dari hotel ini, yaitu kolam renangnya yg besar, dan ada perosotan yang bikin anak saya senang. menu breakfast juga lumayan enak dan banyak, dan untuk ke batu atau bandara juga cuma 30 menit. pkknya strategis dan cukup berkesan menginap disini. :). ",positif,positif,1
27,68,"Salah satu konsep hotel harris dan jaringannya yang saya suka adalah adanya fasilitas untuk anak-anak, mulai dari kolam renang dan aktivitas kreatif untuk anak yang lainnya. Sehingga anak-anak tidak bosan selama dihotel ketika kita harus melakukan urusan bisnis, kerja atau urusan lainnya.. ",positif,positif,1
28,69,"hotelnya bagus, bersih, nyaman. kamarnya cukup baik, breakfastnya juga enak, meskipun agak masuk dikit dari jalan provinsi tapi tetep nyaman. ruangan meetingnya cukup besar. ada layanan anter jemput kalo lagi jumatan. ",positif,positif,1
29,70,"Kunjungan pertama waktu sampai ke lokasi, wow.. keren. Bangunan dan tamannya terlihat minimalis modern asri. Apalagi letaknya di dalam area perumahan elite. Saya mendapat kamar yang langsung menghadap kolam. Terdapat pintu menghadap taman. Asyik dibuat jalan pagi dan kalau mau renang. Pelayanan ramah. Kekurangannya hanya satu, suasana kamar agak kurang terawat dari segi furniture. Ruangan agak lembab. Overal, I was having fun staying here... ",positif,positif,1
30,71,"Hotelnya sangat nyaman, bersih. Fasilitas olahraga cukup lengkap. Kolam renang anak, dino kids club bikin anak2 betah stay disini.. Lokasinya tenang. Di dlm perumahan yg asri. Sayang akses jalannya sering kali macet.. ",positif,positif,1
31,72,Hotel ini sangat berkesan. Dengan suasana yang tenan serta suasana yang bersih dan segar.. Dengan kolam renang yang luas. Dan yang suka dengan ketenangan hotel ini pas. Karena jauh dari kota serta kebisingan.. . Makanan cukup bervariasi namun cukup. Rasa yang enak dan lezat.. . Pelayanan yang cukup ramah. Berharap pelayanan ditingkatkan.. . Dan jika kami ke Malang lagi. Akan berkunjung ke hotel ini .. ,positif,positif,1
32,73,Pertama kali stay di harris..agak jauh ya boo..tapi setelah lihat hotelnya busyett keren abiess cyinnn...poolnya besar banget...trus staffnya ramah2...ada fasilitas buat anak2 juga namanya saya lupa..tapi ada kayak yg jagain anak2 yang maen disitu...ada macam2 kegiatan buat anak2....bener2 nyaman stay di harris. ,positif,positif,1
33,74,"Fasilitas oke banget, Suka banget sama kolam renangnya,, Stafnya ramah2 dan helpful banget, Receptionisnya apa lagi, Serasa nginep di rumah sodara sendiri.. Kalo nginep sini rugi kalo cuma semalem, Ada sepeda yg bisa disewa buat keliling perumahan yg rindang banget, Pokoknya semua TE O PE Dahhhhh. ",positif,positif,1
34,75,"Suka banget sama hotel harris malang, pemandangan dari kamar bisa melihat gunung, suasanan tenang dan sejuk.. makanan yang ada di restorannya juga enak,,dan harganya tidak terlalu mahal, swimming poolnya bagus, staff restorannya pun ramah.. bersantai di hotel dan menikmati coffee restoran nya pun sangat menyenangkan, karna menghadap pool.... ",positif,positif,1
35,76,"Hotelnya bagus, nyaman, bersih, pemandangannya juga cukup bagus, ada kolam renang anak2, kolam renangnya ada yg buat bayi bayi.. Ada kids club juga. Bisa sewa sepeda untuk jalan-jalan di sekitar perumahan. Sayang jauh dari kota. ",positif,positif,1
36,77,"Tempatnya nyaman.. rindang banyak pepohonan, view dr kamar oke dan staffnya ramah. Kamarnya bersih dan nyaman, sementara fasilitas hotelnya banyak dan ada shuttle bus pula.. so far sangat puas dgn hotel ini.. ",positif,positif,1
37,78,"Aman nyaman tentram. Segala sesuatu nya berjalan dengan baik di hotel harris. Apabila kalian sedang berkunjung ke malang, cobalah untuk menginap di hotel harris. Petugasnya ramah dan siap membantu. Thx. ",positif,positif,1
38,79,"Cheers.... . Amazing helpful service dari semua team harris malang, khususnya Terima kasih untuk Bu Rika yang membalas email saya dan memberikan info untuk special rate, lalu dilanjutkan Pak Eko yang menjawab pertanyaan pertanyaan dengan jelas, Mba Ella membantu proses check in dengan sangat detail dan menginformasikan tentang kota malang, Mba safira membantu proses check out dengan cepat... Cuma sayang tv aga sedikit runyem walau sudah dibetulkan oleh team engineering... Tapi tak apa semual terobati dengan service dan senyum kalian.... ",positif,positif,1
39,80,"waktu pertama kali menginap di harris hotel, kita sekeluarga tertarik dengan kolam renangnya yang besar, banyak jumlahnya, bersih dan terawat. untuk breakfastnya jenis makanannya bermacam-macam dan enak rasanya. thanks. ",positif,positif,1
40,81,"Ini kedua kalinya kami menginap di Harris Malang dan buat kami sekeluarga ini best Hotel in Malang, tempatnya tenang dan dikelilingi pohon dan sangat rindang, cocok banget buat keluarga dan nyaman bgt, apalagi dengan pelayanan dr Pak Eko, salah satu staf reservasi yg helpful dan ramah bgt.. This hotel Very recomended, dan kami pasti akan kembali lagi utk stay di Harris Malang setiap kami liburan ke malang.. ",positif,positif,1
41,82,Hotel ini cocok bagi anda yang benar - benar beristirahat dan menikmati suasana alam. Banyak terdapat pohon - pohon yang rindang dan tidak terletak lansung di pinggir jalan.. Kamar yang disediakan hotel ini cukup luas dengan aksen bangunan bergaya Eropa atau Belanda lebih tepatnya.. Sarapan yang disediakan cukup lengkap dan kita dapat menikmati sarapan dengan view kolam renang yang indah.. ,positif,positif,1
42,83,"Thank buat front office khususnya mbk desi dan mbk ella yg sudah merekomendasikan room yg viewnya bagus untuk liburan saya kali ini. Dan terima kasih buat housekeepingnya roomnya nyaman,tenang dan bersih. Semoga bisa liburan lg di harris malang. ",positif,negatif,0
43,84,"Menginap di Harris Hotel n Convention merupakan pengalaman yg mengesankan. Perjalanan masuk hotel yg bernuansa alam... kamar bersih fasilitas super duper lengkap, kolam renang cocok utk liburan keluarga krn kolam renang ada kecil, sedang dan besar. Tp sayangnya aroma kaporitx berasa bgt. Aniway pgn bgt nginep sini lagi.... ",positif,positif,1
44,85,Sungguh konsep hotel spt harris & Conventions Malang...memberikan keamanan dan nyaman...mulai AC dan Audio nya yg Top...security...yg sigap namun ramah...pokoknya siip...saya sdh 2 kali ke hotel ini...awal tahun dgn acr bersama BADAN EKONOMI KREATIF... ,positif,positif,1
45,87,"Kali ini merupakan kunjungan ketiga ke Harris Hotel, saya selalu puas dengan pelayanan yang diberikan. Petugas yang ramah dan selalu menyapa. Lokasinya memang agak jauh dari jalan utama penghubung Malang-Surabaya dan pusat kota, tetapi menyajikan pemandangan yang menyejukkan dan menyenangkan. Pilihan menu sarapan yang beragam semakin membuat betah. Fasilitas yang ditawarkan cukup lengkap, mulai dari ballroom, boutique, fitness centre, spa, resto & cafe, dan lainnya.. ",positif,positif,1
46,88,Lokasi yang strategis dan fasilitas yang nyaman serta pelayanan yg ramah dan cepat membuat kami ingin kembali menginap. Sangat terkesan dengan semua yg ada di hotel ini. Semoga menjadi terbaik diantara yang terbaik.... ,positif,positif,1
47,223,"Hotelnya sangat nyaman. Karena fasilitasnya lengkap. Mulai dari kolam renang yang bagus, tempat fitness, sauna, dll. Sangat direkomendasikan bagi anda yang ingin menikmati seluruh fasilitas hotel. Makanannya mahal.. ",positif,positif,1
48,224,HARRIS Hotel Malang adalah tempat yang tepat untuk Anda berisitirahat melepas penat. Taman dan kolam renangnya bagus. Fasilitas gym lengkap. Makanannya enak. Selain itu lokasinya sangat privat karena agak masuk ke dalam (tidak di pinggir jalan raya). Disarankan jika Anda travel kesini bersama keluarga dan membawa mobil sendiri.. ,positif,positif,1
49,225,Sangat menyenangkan sekali di hotel ini ada tempat bermain untuk anak2..Dino Kids..anak saya betah..gak mau balik ke kamar..mbak2 yg mendampingi sangat luwes menemani anak2..permainannya lumayan..sangat membantu anak2 yg bosen bila dikamar aja... ,positif,positif,1
50,226,"Kali ini saya kembali ke Harris Hotel untuk keperluan kantor. Kantor saya mengmbil meeting package di hotel ini selama 2 hari 1 malam. Ruang meetingnya, yaitu conference room, besar dengan fasilitas oke. Makanan yang disediakan juga lengkap dengan rasa enak. Yang istimewa, kami mendapat compliment berupa barbeque grilled di malam hari, lengkap dengan minuman hangat berupa ronde angsle khas kota Malang. Akhirnya, semua peserta meeting bisa bercengkerama sambil menikmati barbeque hingga tengah malam, membuat suasana tambah akrab.. ",positif,positif,1
51,227,"Hotel ini berada dalam komplek perumahan. Suasananya tenang, ada kolam renang untuk anak2 anak, ada kids club, ad live music saat makan malam, kolam renang dewasanya luas. dan sisi kolam renang semacam hutan kecil yang rimbun. restauran menghadap kolam renang. Makanan tidak terlalu banyak variasinya, namun cukup enak. Sayangnya, sulit untuk mencari makan malam keluar hotel, krn cukup jauh jalan keluar. Jadi pilihannya membeli makan malam di restoran hotel.. ",positif,positif,1
52,229,"Hotel Harris Malang, terletak di dalam komplek perumahan yang nyaman dan asri, dengan akses yang dikelilingi (sisi kanan - kiri) penuh dengan pepohonan hijau, jauh dari kebisingan kota. Hotel yang terletak di pinggir kota, dengan akses utama jalan kembar Malang - Surabaya, merupakan akses menuju Kota Batu, sebagai salah satu destinasi wisata keluarga kami di Malang.. Kolam renang yang nyaman, dengan area seluncur yang asyik untuk anak-anak. Fasilitas kamar yang oke, wifi yang 'kencang', dan layanan tour Bromo yang oke (rekanan hotel), membuat liburan kami mengesankan di Malang.. ",positif,positif,1
53,231,"Hotel yang sangat cocok untuk keluarga atau gathering. Terletak di dalam perumahan elit yang cukup terisolasi dari jalan raya. Suasana tenang, hawa masih sejuk. Hotel cukup luas dengan berbagai fasilitas. Ada chapel untuk nikah, lapangan bermain dsbnya. Parkiran mobil cukup luas. Lokasi tidak jauh dari kota, hanya 20 menitan.. ",positif,positif,1
54,232,"Baru memasuki lorong menuju hotel sudah terasa nuansa alam. Hotel Haris berada di pintu masuk kota Malang dari arah Surabaya,. LOkasi yang agak masuk kedalam membuat suasana hotel sangat tenang.. Kamar yang bersih dan pelayanan ramah menjadi ciri khas hotel ini.. Jangan lewatkan jika anda ke Malang untuk stay di Haris Hotel Malang, dan nikmati pengalamn tak terlupakan. ",positif,positif,1
55,233,Hotel ini letaknya sekitar 20 menit dari pusat kota Malang. Hotel ini sangat cocok untuk keluarga dan juga pertemuan karena didukung dengan fasilitasnya yang lengkap. Cuacanya juga cukup sejuk dan banyak pepohonan di sekelilingnya. Menu sarapan paginya juga cukup bervariasi. Selamat mencoba.. ,positif,positif,1
56,234,"Hotel dengan suasana nyaman dan tenang, semua hijau dengan kolam renang yang keren juga, makanan lengkap dan kamar bersih. Cuma parkiran motornya jauh di belakang di satukan dengan parkiran motor karyawan dan kami harus jalan jauh karena gak ada konektor langsung ke lobby.. ",positif,positif,1
57,235,"Saya menginap disini karena ada urusan bisnis. Awalnya saya tidak tertarik karena lokasinya yg jauh dari pusat kota, kurang cocok untuk pebisnis. Tetapi begitu masuk ke wilayah hotel ini,suasana asri dan hijau membuat saya betah disini. Kamarnya pun sangat bersih dan luas. Makanannya enak dan variatif. Kolam renang nya banyak dan indah, sehingga pagi bisa berolahraga renang sebelum urusan kerjaan.. ",positif,positif,1
58,236,"hotel lokasi masuk je dalam,, tetapi atmisfer di sini benar2 nyaman dan cocok untuk keluarga,. tamannya cukup luas untuk garden party, kolam renang banyak,, ada kids club juga, memiliki ballroom yang bagus, kamarnya nyaman dan bersih, sarapan ensk, staff nya friendly,,, over all good. ",positif,positif,1
59,237,"Pertama kali bermalam dihotel ini.. Kesan yang pertama, nyaman banget (mungkin karena udara yang cukup sejuk).. Dari jalam masuk ke hotel yang asri, Lobby dengan kesan jadul-modern, Kolam renangnya banyak dan besar, kamarnya juga luas, parkiran juga besar.. Recommended banget buat keluarga dengan anak kecil karena ada beberapa fasillitas seperti sewa sepeda, kids club, pool dengan slurutan yang besar.. Perlu diingat aja, pohon diparkiran ada yang pengeluarkan 'getah' sehingga setelah menginap 1 malam, alhasil mobil terkena tik-tik getah dari pohon.. Kalau diberi atap alangkah bagusnya.. ",positif,positif,1
60,238,"Akhirnya punya kesempatan menginap di Harris Hotel Malang ini. Dari sebelumnya, banyak teman yang mengatakan bahwa hotel ini cocok untuk berlibur keluarga, ternyata memang Family Hotel yang asyik deh.. . Lokasi ada di dekat pintu masuk ke Kota Malang. Kalau dari Surabaya harus putar balik dahulu. Kalau cari lewat Maps Google, letak lokasinya salah. Kalau cari di Maps Google, ketik saja ""HARRISSIMO"", nanti akan ditunjukkan lokasinya. Tetapi untuk menuju ke lokasi tersebut, jangan ikut jalur dari Google, karena ada jalan yang tidak up-to-date. Dari jalan Karanglo kelihatan kok papan nama Harris Hotel, ikutin saja petunjuknya, nanti pasti sampai.. . Kalau mau dapat tarif diskon 10% dan lebih murah dari website lain, booking saja lewat website resmi mereka dan ketik di promotion code nya ""HARRIS10"", dijamin bisa dapat 10% (selama mereka masih menyediakan).. . Kalau mau view yang bagus, silahkan pilih Pool View dan lantai yang tinggi. Tapi kalau ingin sering renang, lebih baik lantai yang rendah.. . Yang paling menyenangkan di sini adalah kolam renangnya yang ada beberapa. Jadi bisa bermain dengan anak-anak dengan senang. Air kolam juga cukup jernih dan cukup enak untuk berenang. Air juga tidak terlalu dingin kok, jadi tidak perlu khawatir masuk angin.. . Kamarnya cukup besar dan terang. Cukup bersih, tetapi kelihatan sudah sedikit lama dengan melihat kotoran yang ada di tembok. Disediakan kursi sofa yang bisa menjadi ranjang yang cukup empuk juga. Bantal disediakan 3 unit.. . Kamar mandi juga cukup terang dan bersih. Kamar yang standard hanya ada shower saja.. . Layanan juga cukup baik dan ramah. Check-in dan check-out cukup cepat. Malahan sebelum check-in, saya sempat ditelpon untuk konfirmasinya.. . Wifi nya saja yang lelet, lebih baik pakai koneksi internet milik sendiri. Dan kadang di luar kamar agak sedikit ramai karena suara anak kecil, tapi masih bisa ditoleransi kok.. . Ada free shuttle bus, coba lihat foto. Untuk yang bawa mobil, lebih baik tidak parkir di dekat pohon, karena bisa kena getah dari pohon yang susah dihilangkan.. . Sisanya coba lihat foto yang saya upload ya. Pokoknya bagus deh. Saya masih mau ke hotel ini lagi untuk menginap. Next time, saya akan coba breakfast juga di hotel ini.. ",positif,positif,1
61,239,"ahrris hotel and conventions malang adalah hotel mewah yang bisa memberikan kepuasan....!!!. sebuah pelayanan yang oke.... kamar yang mewah.... suasana alam yang asli, sejuk nyaman dan tentu saja menyenangkan..... hebat choy......cobalah.....!!!!!. ",positif,positif,1
62,242,"Saya menginap disini atas permintaan suami saya. Awalnya saya tidak tertarik karena lokasinya yg jauh dari pusat kota. Tetapi begitu masuk ke wilayah hotel ini,suasana asri dan hijau membuat saya nyaman disini. Kamarnya pun cukup luas dan bersih. Makanannya enak dan variatif. Dan yang paling kami senangi adalah fasilitas olahraganya yg cukup banyak dan dapat dinikmati oleh wistawan keluarga, seperti sepeda ,tenis meja, kolam renang, lempar bola, gym dan tentu saja berenang. Kolam renangnya sangat besar dan terdiri dari 3 kolam, anak saya sgt sng bermain air dikolam balita.. . Dan untuk anda yg membawa balita/anak2, saya sarankan anda datang kesini krn disini ada kids corner yg merupakan satu ruangan khusus dg beragam fasilitas yg dapat dinikmati anak anda,seperti crafting, playground, boneka, puzzel, video, ps, dll.. ",positif,positif,1
63,244,Saya menginap di Harris Malang selama 2 malam bersama keluarga. Puas dengan pelayanan staff Harris. Kamar smoking room tp g bau rokok. Menu sarapan variatif dan enak. Kolam renang n dino kids TOP BGT!. ,positif,positif,1
64,246,Hotelnya nyaman..ruangan kamar luas..bersih..ditambah pelayanan yang diberikan oleh stiap karyawannya yang ramah..membuat kita betah..lokasi hotel strategis... Harga sesuai dengan fasilitas yang tidak bakal bikin kecewa... ,positif,positif,1
65,247,"Terkesan dengan suasananya yg asri dan t3nang maka saya memutuskan utk beristirahat di harris.. Suasana yang begitu tenang sehingga saya merasa nyaman menginap disini.. Kolam renang yg lumayan luas dan pemandangan disekitar hotel yg membuat makin asri.. Sungguh hotel yang menarik,tak lama lagi bulan 10 sy bersama k3luarga akan berencana tamasya ke malang dan berencana menginap di harris lagi.. ",positif,positif,1
66,248,"Saya & suami beserta 3 anak kami nginap dihotel ini dgn hrg promo yg kami dapat di booking.com & sesuai permintaan kami mendapat kamar connecting. Kamar yg bersih,nyaman,berwarna orange yg bikin betah,saya jatuh hati dengan guling kecilnya yg lucu wrn orange. Ditiap kamar ada sofa kecil yg bisa dipake tidur. Dapat hrg promo tp fasilitas lengkap. Ranjang & bantal yg empuk. Karena kamar tidak termasuk breakfast kami membeli,rasa 8/10, variasi menu 8/10. View resto langsung berhadapan dgn kolam renang yg terdiri dari kolam dewasa,anak & baby. Anak saya sangat senang bermain di Kids Club,mbaknya ramah & telaten mengajak anak2 bermain. Ada jadwal untuk face painting juga. Suami memberi surprise untuk ultah saya dgn memberi kue tart yg pesan di cafenya. Tartnya enak. Seru. Worth it !!. ",positif,positif,1
67,250,"Kesan pertama ketika masuk wilayah hotel ini adalah: adem. Dengan pepohonan yang rimbun dan letak hotelnya agak kedalam, kesan adem dan tenang benar-benar melekat di hotel ini. Sangat cocok untuk beristirahat.. ",positif,positif,1
68,252,"saya nginap di kamar 088 kamar bersih,view lokasi bagus....saunanya nyaman bangeet.cocok bangeet untk tempat liburan walaupun agak jauh dari pusat keramaian.awal nginap kunci pintu kamar agak susah di buka tp dengan cekatan pihak hotel memperbaiki.makasih hotel harris. ",positif,positif,1
69,253,"Harris hotel adalah hotel yang masih baru, bersih, dan bergaya chic di Malang. Kamar luas dengan palet warna putih-orange memberikan kesan hangat dan nyaman. Ada sofa yg bagus di dalam kamar dan dapat dijadikan alternatif tempat untuk sekedar bersantai atau tidur2an. Kamar mandi bersih dengan bath amenities yg lengkap. Di depan Harris hotel ada mobil operasional berupa VW jadoel yg lucu untuk dijadikan objek foto. Nice stay.. ",positif,positif,1
70,254,"Service yang keren dari mbak Ririn dan mas Arya, sangat membantu semua kebutuhan client. segala permintaan dan kebutuhan yang kita request mendapat respon yang cepat. sangat ramah dan murah senyum, fasilitas sangat memadai. ",positif,positif,1
71,255,"Menginap dengan Keluarga kecil saya saat Liburan, Sambutan yg ramah dan selalu ceria, uniform yg serba orange membuat mata dan hati selalu ceria.. Tidak ada pengalaman buruk sama sekali.. Dari check in sampai check out tidak ada masalah.. Kamar bersih tenang pas view taman dan kolam renang, membuat anak saya gembira dan bahagia, dan di dino play land anak saya tidak berhenti ingin bermain,kolam renang yg bersih.. Breakfast yg enak buanget pas dengan kelasnya *4.. ",positif,positif,1
72,256,"saya pernah menginap di hotel ini untuk 2 malam bersama keluarga, kamar cukup luas untuk keluarga, kolam renangnya TOP, anak-anak sangat suka dengan pool dan tamannya, makan pagi juga sangat bervariasi... sangat cocok untuk liburan bersama keluarga. ",positif,positif,1
73,257,"Hanya semalam menginap di hotel ini, namun kesannya tak terlupakan. Pool viewnya luar biasa, langsung berhadapan dengan rindangnya pohon-pohon yang terlihat seperti hutan. Saya menginap disini saat perjalanan dinas kantor namun berasa lagi liburan aja! Breakfast yang disediakan juga tak kalah lezatnya. Breakfast room yang langsung berhadapan dengan pool menambah kepuasan saya menginap di hotel ini!. ",positif,positif,1
74,258,"Hotel Haris termasuk hotel berkelas,mewah,asri dan menyediakan fasilitas yg lengkap. Untuk pengadaan event akbar, daya tampung hall yg dimiliki sangat memadai, karena pada bulan November 2014 organisasi keagamaan kami menggunskan hotel ini. Kesan dari peserta sangat senang dan mengatakan bahwa Hotel Haris adalah tempat yg terbaik dibandingkan hotel lain yg pernah digunakan. Hitel Harus, is the best.. ",positif,positif,1
75,259,"it such a great moment to stay here. Walaupun hanya 2 malam, tapi sangat memuaskan mulai dari pelayanan, menu sarapan, dan hospitality nya.. Lokasi berada ditengah perumahan elite riverside, tidak begitu jauh dari airport dan pusat kota. tapi di waktu tertentu para tamu bisa terjebak dalam kemacetan yang luar biasa saat keluar dari lingkungan perumahan.. keep a good work Harris!. ",positif,positif,1
76,260,"Lagi pingin liburan di Malang ceritanya. Harris Hotel tempatnya emang jauh sih dari keramaian, namun nikmat. Cocok sekali kalau liburan untuk keluarga karena fasilitas yang ada di Hotel ini memadai. Kolam renang ada, Restonya enak, wifi langsung konek. saya tinggal di ruang 085 karena dekat ke kolam renang dan sepi.....Pokoknya recommended buat liburan keluarga pilih Hotel Harris di Malang.. ",positif,positif,1
77,261,"Saya berkunjung ke malang krn suatu pekerjaan di kepanjen. Oleh kantor disiapkan penginapan di Harris Hotel. Krn ada kemacetan dijalan, sampai di hotel nyaris pukul 12. Tp pelayanan di front office tetap ramah. Oh ya sejak awal memasuki lokasi hotel, mata ini disuguhi suasana yg hijau dan asri. Setelah masuk kamar, ruang istirahat yg nyaman dan bersih membuat ingin segera istirahat. Pagi hari saat bermanfaat, di tepi kolam renang dan pemandangan yg indah membuat sarapan pagi yg santai dan menyenangkan, tentu saja ditambah pilihan bermanfaat yg beragam dan enak. Sayangnya pagi itu sy harus segera ke kepanjen.....tp pengalaman yg menyenangkan di Harris hotel malang membuat sy berencana utk segera kembali kesitu..... Krn fasilitas yg lengkap utk dewasa dan anak2, lingkungan yg asri,hijau, nyaman, sejuk lengkap di Harris hotel. Sampai jumpa lagi Harris Hotel. ",positif,positif,1
78,264,"Hotel harris malang... idsambut oleh lobi yang bergaya kolonial... kamar yang luas, bersih, nyaman... dimana disediakan juga aromatheraphy yang berbau lemon orang yang menyegarkan. Area kolam dilengkapi dengan serodotan anak yang cukuo besar... dikelilingi taman yang indah dan asri. Di dalam hotel Harris ini pun dilengkapi dengan restoran chinese ahyatt abalone yang terkenal. Sangat cocok untuk short gateway family with young children.. ",positif,positif,1
79,265,"Saya hanya menginap semalam dihotel ini dengan 2 teman saya memilih kamar yang tdk termasik sarapan.Kami tiba malam hari,check in cepat.Kamarnya luas & bersih.. Hotel yang tenang karena masuk perumahan.Apabila tamu tidak membawa mobil utk mencari tempat makan lumayan jauh.Tapi kalau membawa mobil cukup dekat krn daerah jln.S.Parman Malang banyak tempat makan.. ",positif,positif,1
80,266,"hotel ini berada di dekat kota malang dimana posisi hotel ini agak masuk kedalam dan jauh dari keramaian jalan raya dan sangat nyaman sekali mneginap disini bagi anda yang berkeluarga. hotel harris sangat cocok untuk bagi anda yang membawa anak2. dimana terdapat kolam renang jg , kamar tidur yang cukup luas dimana terdapat sofa yang dapat berfungsi sebagai tempat tidur, makan paginya cukup bervariasi dan dekat dengan kolam renang .. .. ",positif,positif,1
81,267,"nice hotel, cocok untuk beristirahat dari kepenatan pekerjaan setiap hari... Kamar dilengkapi dengan sofa bed.. cocok untuk keluarga yg mempunyai anak remaja, bisa share tempat tidur tanpa harus berdesak2an.... ",positif,positif,1
82,268,"Kamarnya cozy, suasana di hotel nya pun enak. Kolam renang nya juara!!cocok untuk liburan bareng keluarga. Lingkungan di sekitar hotel enak seperti di perumahan mewah.. Tapi sayang breakfast nya kurang variatif.. ",positif,positif,1
83,269,Hotelnya berada di area perumahan yang nyaman dan sejuk.. Kamarnya bersih.. Cocok untuk keluarga karena ada fasilitas bermain anak-anak.. Seamier staff yang melayani sangat ramah dan membantu dengan cepat.. ,positif,positif,1
